{"cameraMode":{"drawMode":0,"name":"Shaded","section":"Shading Mode"},"sceneLighting":false,"audioPlay":false,"sceneViewState":{"m_AlwaysRefresh":false,"showFog":true,"showSkybox":false,"showFlares":true,"showImageEffects":true,"showParticleSystems":true,"showVisualEffectGraphs":true,"m_FxEnabled":true},"in2DMode":false,"pivot":{"x":-9.276000022888184,"y":0.6899999976158142,"z":-51.43899917602539},"rotation":{"x":0.004958508536219597,"y":-0.9873630404472351,"z":0.15560439229011537,"w":0.03139985352754593},"size":0.10299494117498398,"orthographic":false}