{"cameraMode":{"drawMode":0,"name":"Shaded","section":"Shading Mode"},"sceneLighting":false,"audioPlay":false,"sceneViewState":{"m_AlwaysRefresh":false,"showFog":true,"showSkybox":false,"showFlares":true,"showImageEffects":true,"showParticleSystems":true,"showVisualEffectGraphs":true,"m_FxEnabled":true},"in2DMode":false,"pivot":{"x":0.6387834548950195,"y":13.52682876586914,"z":-3.208418846130371},"rotation":{"x":-0.14973494410514832,"y":-0.029710354283452035,"z":0.004033863544464111,"w":-0.9885704517364502},"size":15.998047828674317,"orthographic":false}